actions,screw_in,allen_in,hammer,hand_screw_in
default_timings_mean,14.2430555555556,13.8958333333333,11.53125,16.6354166666667
default_timings_std,6.5862295444962,5.56134010719348,7.75735080277234,9.04384181698276
user_j,-0.895702999068006,-0.779188693697811,0.092654053977181,-0.488361777665432
user_l,0.687461277683743,0.260353914480759,-1.05947896504342,-0.087536545053238
user_m,0.208241721384263,0.518834779217052,0.96682491106624,0.575898322718669
task_chair,0.583076819875936,0.056191492333977,-0.068483431200525,-0.759033989343206
task_box,-0.583076819875936,-0.056191492333977,0.068483431200525,0.759033989343206
