task_id,task_name,screw_in,allen_in,hammer,hand_screw_in
0,assemble_box,,,,
1,stack_tower,,,,
2,assemble_complex_box,0.10192421806149128,-0.9165456749586394,-0.2819905990609869,-1.0604207782326454
3,assemble_complex_box_manual,0,0,0,0
4,assemble_chair,-1.1316224175982839,-1.2109266597971948,-0.4703200348624318,-0.6055570863386834
