task_id,task_name,screw_in,allen_in,hammer,hand_screw_in
0,assemble_box,,,,
1,stack_tower,,,,
5,move_stack,,,,
2,assemble_complex_box,1.183510495984089,-0.2469544047703443,0.47473582171585926,-1.1812117597669716
3,assemble_complex_box_manual,0,0,0,0
4,assemble_chair,-1.5689300325052362,-1.5471390889288223,0.7052863774316548,-0.528408861029871
