task_id,task_name,screw_in,allen_in,hammer,hand_screw_in
0,assemble_box,,,,
1,stack_tower,,,,
2,assemble_complex_box,0.9794097275794242,0.2963580929021643,0.1718799841895539,-1.208106703658722
3,assemble_complex_box_manual,0,0,0,0
4,assemble_chair,-1.4180018554151588,-1.3325411039200157,0.06100204796013186,-0.8658219926130424
