task_id,task_name,screw_in,allen_in,hammer,hand_screw_in
0,assemble_box,,,,
1,stack_tower,,,,
2,assemble_complex_box,0.3033911917930075,4.336638665063524,10.094365261628267,-0.6422029402889499
3,assemble_complex_box_manual,0,0,0,0
4,assemble_chair,-2.218126713331099,-1.434014142474779,3.991688164386884,-0.6362680652143122
