task_id,task_name,screw_in,allen_in,hammer,hand_screw_in
0,assemble_box,,,,
1,stack_tower,,,,
2,assemble_complex_box,-0.4972244533022381,-0.2594717989371824,3.7997800794006653,-0.28363757143613944
3,assemble_complex_box_manual,0,0,0,0
4,assemble_chair,0.610153397,0.122816651,0.191908085,-0.757438431
