task_id,task_name,screw_in,allen_in,hammer,hand_screw_in
0,assemble_box,,,,
1,stack_tower,,,,
2,assemble_complex_box,-1.9646265175218305,-1.3924986546507625,5.327368434726507,-1.0077912448866286
3,assemble_complex_box_manual,0,0,0,0
4,assemble_chair,-1.9646265175218305,-1.3924986546507625,5.327368434726507,-1.0077912448866286
