task_id,task_name,screw_in,allen_in,hammer,hand_screw_in
0,assemble_box,,,,
1,stack_tower,,,,
2,assemble_complex_box,1.183510495984089,-0.2469544047703443,0.47473582171585926,-1.1812117597669716
3,assemble_complex_box_manual,0,0,0,0
4,assemble_chair,-1.557619319905308,-1.4150039433192287,0.5647136412364174,-0.6418648578664468
