task_id,task_name,screw_in,allen_in,hammer,hand_screw_in
0,assemble_box,,,,
1,stack_tower,,,,
2,assemble_complex_box,-0.583076819875936,-0.056191492333977,0.068483431200525,0.759033989343206
3,assemble_complex_box_manual,0,0,0,0
4,assemble_chair,0.583076819875936,0.056191492333977,-0.068483431200525,-0.759033989343206
